balanced_one,10.54172944445,10.52147075059,10.50269698717,10.52974393447,10.52656194067,10.51797055741,10.53716858667,10.51648562697,10.52147075059,10.54024451401,10.57556464519,10.56050320787,10.52666800713,10.55032082771,10.52433454501,10.51977368723,10.53462299163,10.52168288351,10.53844138419,10.54745703329,10.54130517861,10.53483512455,10.51012163937,10.49792399647,10.54894196373,10.50937917415,10.54650243515,10.54788129913,10.51330363317,10.51404609839,10.53271379535,10.53674432083,10.53472905809,10.52963786801,10.53536545685,10.54671456807,10.54809343205,10.53186526367,10.54204764383,10.50312125301,10.54172944445,10.55435135319,10.53112279845,10.54045664693,10.52730440589,10.53525939039,10.52698620651,10.53430479225,10.51097017105,10.51181870273,10.54692670099,10.51839482325,10.51998582015,10.52550127607,10.53854745065,10.53175919721,10.53610792207,10.54342650781,10.52136468413,10.52072828537,10.53366839349,10.52560734253,10.52115255121,10.55010869479,10.49643906603,10.52709227297,10.54141124507,10.56506406565,10.51839482325,10.54872983081,10.53027426677,10.53494119101,10.52475881085,10.57185231909,10.50715177849,10.51181870273,10.51807662387,10.51987975369,10.55742728053,10.51881908909,10.51309150025,10.49972712629,10.53791105189,10.54522963763,10.51818269033,10.54989656187,10.52072828537,10.54469930533,10.52454667793,10.55923041035,10.54501750471,10.54035058047,10.51489463007,10.49739366417,10.52804687111,10.52762260527,10.50524258221,10.51977368723,10.51828875679,10.56135173955,10.52931966863,10.54172944445,10.55403315381,10.54395684011,10.55382102089,10.54512357117,10.52019795307,10.54798736559,10.52910753571,10.53950204879,10.52719833943,10.53260772889,10.52857720341,10.55668481531,10.53844138419,10.53865351711,10.53419872579,10.54501750471,10.52391027917,10.53738071959,10.54777523267,10.51351576609,10.53865351711,10.53133493137,10.51107623751,10.54077484631,10.55307855567,10.51934942139,10.52931966863,10.53950204879,10.53833531773,10.54035058047,10.53515332393,10.54395684011,10.52401634563,10.54268404259,10.51022770583,10.50577291451,10.51722809219,10.53822925127,10.52910753571,10.54469930533,10.54130517861,10.51595529467,10.53674432083,10.52953180155,10.51998582015,10.52868326987,10.53218346305,10.57291298369,10.50906097477,10.51181870273,10.55021476125,10.53038033323,10.49495413559,10.52719833943,10.52825900403,10.51319756671,10.53292592827,10.51436429777,10.52772867173,10.56856425883,10.56071534079,10.53101673199,10.51977368723,10.54459323887,10.52889540279,10.54342650781,10.54342650781,10.55753334699,10.53600185561,10.52274354811,10.47639250509,10.55838187867,10.50333338593,10.51669775989,10.51818269033,10.54469930533,10.53865351711,10.52963786801,10.57026132219,10.52815293757,10.54469930533,10.52741047235,10.53865351711,10.54501750471,10.51542496237,10.52847113695,10.52147075059,10.54639636869,10.51818269033,10.52963786801,10.53451692517,10.54629030223,10.52136468413,10.51500069653,10.55519988487,10.54904803019,10.51956155431,10.53377445995,
balanced_two,10.26782124969,10.26289619253,10.27103324349,10.25518740741,10.28024095905,10.25636513847,10.26407392359,10.26118312917,10.26835658199,10.26685765155,10.27724309817,10.25861353413,10.26396685713,10.26621525279,10.27049791119,10.27199684163,10.27413817083,10.26321739191,10.27884909507,10.27692189879,10.26021953103,10.26257499315,10.26118312917,10.25636513847,10.25775700245,10.27178270871,10.25893473351,10.26707178447,10.27146150933,10.26289619253,10.25722167015,10.26857071491,10.25764993599,10.26867778137,10.26953431305,10.27114030995,10.27296043977,10.26107606271,10.27199684163,10.26621525279,10.27370990499,10.26439512297,10.27039084473,10.27949149383,10.26129019563,10.26300325899,10.26578698695,10.28302468701,10.26803538261,10.27413817083,10.27959856029,10.26567992049,10.27478056959,10.26878484783,10.27606536711,10.26824951553,10.26460925589,10.26460925589,10.26835658199,10.27413817083,10.26332445837,10.27756429755,10.27039084473,10.26278912607,10.26857071491,10.26439512297,10.27317457269,10.26760711677,10.27103324349,10.25775700245,10.28473775037,10.27638656649,10.26953431305,10.26567992049,10.28548721559,10.27670776587,10.27917029445,10.26642938571,10.28837801001,10.28698614603,10.26803538261,10.26707178447,10.28024095905,10.26450218943,10.28441655099,10.25786406891,10.26728591739,10.27156857579,10.28077629135,10.26011246457,10.27060497765,10.27392403791,10.27424523729,10.27692189879,10.27167564225,10.26964137951,10.25786406891,10.27081911057,10.25850646767,10.28463068391,10.26964137951,10.27435230375,10.28056215843,10.28323881993,10.26675058509,10.26236086023,10.26771418323,10.27392403791,10.26600111987,10.27488763605,10.26514458819,10.26118312917,10.27917029445,10.27039084473,10.26910604721,10.26867778137,10.27071204411,10.26910604721,10.27563710127,10.27178270871,10.27039084473,10.27413817083,10.26161139501,10.27531590189,10.26782124969,10.27884909507,10.26728591739,10.28163282303,10.27574416773,10.27317457269,10.26664351863,10.26857071491,10.26942724659,10.27499470251,10.26300325899,10.26086192979,10.26011246457,10.26375272421,10.25989833165,10.27991975967,10.26589405341,10.28088335781,10.25647220493,10.27263924039,10.27809962985,10.26171846147,10.26910604721,10.28045509197,10.28056215843,10.27445937021,10.26214672731,10.28056215843,10.26171846147,10.26353859129,10.26824951553,10.25272487883,10.24887048627,10.26728591739,10.27627950003,10.27863496215,10.25989833165,10.27767136401,10.27959856029,10.26182552793,10.26857071491,10.27874202861,10.26632231925,10.26064779687,10.26300325899,10.26899898075,10.28238228825,10.26589405341,10.26032659749,10.25968419873,10.25818526829,10.26375272421,10.26246792669,10.26300325899,10.28869920939,10.26407392359,10.25968419873,10.27574416773,10.27467350313,10.28056215843,10.27777843047,10.27574416773,10.26632231925,10.27039084473,10.25497327449,10.27670776587,10.26857071491,10.27199684163,10.26985551243,10.27188977517,10.26921311367,10.26107606271,10.27081911057,10.27296043977,10.25647220493,10.27071204411,
balanced_four,10.13670830761,10.14041656725,10.13234564921,10.12972805417,10.13725363991,10.13888963681,10.13801710513,10.13856243743,10.13649017469,10.13616297531,10.13485417779,10.13845337097,10.13790803867,10.13845337097,10.14401576043,10.13321818089,10.13529044363,10.13234564921,10.13081871877,10.14052563371,10.13812617159,10.13725363991,10.13845337097,10.14118003247,10.14008936787,10.13703550699,10.13310911443,10.14194349769,10.13976216849,10.13561764301,10.13888963681,10.13169125045,10.12820112373,10.13976216849,10.13223658275,10.13190938337,10.13343631381,10.14379762751,10.14216163061,10.13398164611,10.13550857655,10.13212751629,10.13768990575,10.13703550699,10.13834430451,10.13627204177,10.12972805417,10.13616297531,10.13136405107,10.13572670947,10.14052563371,10.13474511133,10.13245471567,10.13387257965,10.13485417779,10.13616297531,10.13801710513,10.13561764301,10.13376351319,10.13779897221,10.14205256415,10.14118003247,10.13550857655,10.13245471567,10.13965310203,10.13638110823,10.13856243743,10.13747177283,10.13223658275,10.13681737407,10.13158218399,10.14259789645,10.13910776973,10.14336136167,10.13398164611,10.13354538027,10.13125498461,10.14150723185,10.13212751629,10.14576082379,10.13856243743,10.13758083929,10.12776485789,10.13638110823,10.13987123495,10.13539951009,10.14074376663,10.13539951009,10.13321818089,10.14237976353,10.13790803867,10.13081871877,10.13332724735,10.14456109273,10.14216163061,10.13332724735,10.13289098151,10.13125498461,10.12732859205,10.13529044363,10.13856243743,10.13452697841,10.13758083929,10.13790803867,10.13834430451,10.13758083929,10.13474511133,10.13539951009,10.14292509583,10.13550857655,10.14161629831,10.14107096601,10.13867150389,10.13823523805,10.14074376663,10.13834430451,10.13987123495,10.14041656725,10.13158218399,10.14107096601,10.13747177283,10.13878057035,10.13856243743,10.13529044363,10.13430884549,10.13529044363,10.13758083929,10.14412482689,10.14052563371,10.13452697841,10.13823523805,10.13561764301,10.14107096601,10.14085283309,10.13158218399,10.13594484239,10.14674242193,10.13747177283,10.13321818089,10.13932590265,10.13594484239,10.13998030141,10.13507231071,10.14085283309,10.13747177283,10.13550857655,10.14085283309,10.13910776973,10.13725363991,10.14107096601,10.13300004797,10.14118003247,10.13354538027,10.13845337097,10.13158218399,10.13539951009,10.13703550699,10.14150723185,10.14008936787,10.13790803867,10.13659924115,10.13801710513,10.14281602937,10.14030750079,10.14118003247,10.14172536477,10.13867150389,10.12482006347,10.13998030141,10.13005525355,10.13758083929,10.13768990575,10.13190938337,10.13376351319,10.14488829211,10.14467015919,10.13070965231,10.14008936787,10.13278191505,10.13387257965,10.13256378213,10.14914188405,10.13899870327,10.14063470017,10.13910776973,10.13223658275,10.13845337097,10.13812617159,10.13878057035,10.13387257965,10.13856243743,10.13965310203,10.13256378213,10.13441791195,10.13670830761,10.13234564921,10.13234564921,10.14434295981,10.13125498461,10.14041656725,
balanced_eight,10.07263670055,10.07026230489,10.07014923843,10.06901857383,10.07218443471,10.07026230489,10.06924470675,10.07173216887,10.06958390613,10.07116683657,10.07014923843,10.07399349807,10.07037537135,10.07286283347,10.07263670055,10.07139296949,10.07150603595,10.07173216887,10.07455883037,10.06935777321,10.07455883037,10.06981003905,10.07218443471,10.07320203285,10.07127990303,10.07195830179,10.06607884587,10.07026230489,10.07195830179,10.07082763719,10.07139296949,10.06732257693,10.06958390613,10.07320203285,10.06856630799,10.07184523533,10.06992310551,10.06890550737,10.07139296949,10.07184523533,10.07241056763,10.06732257693,10.06777484277,10.06947083967,10.07478496329,10.07274976701,10.06969697259,10.07161910241,10.06969697259,10.07139296949,10.06777484277,10.06924470675,10.06969697259,10.07455883037,10.07501109621,10.07207136825,10.07105377011,10.07433269745,10.06743564339,10.07263670055,10.06969697259,10.06935777321,10.06788790923,10.07229750117,10.07105377011,10.06845324153,10.06947083967,10.07173216887,10.06856630799,10.07354123223,10.06890550737,10.07207136825,10.07614176081,10.07218443471,10.07252363409,10.07105377011,10.07263670055,10.07094070365,10.06913164029,10.07636789373,10.07003617197,10.06573964649,10.07376736515,10.06879244091,10.07094070365,10.07263670055,10.07014923843,10.07342816577,10.07331509931,10.07286283347,10.07127990303,10.06992310551,10.07659402665,10.06924470675,10.07184523533,10.06720951047,10.06867937445,10.06834017507,10.06720951047,10.07071457073,10.06935777321,10.07297589993,10.07433269745,10.07342816577,10.07094070365,10.07014923843,10.06947083967,10.06992310551,10.06924470675,10.06766177631,10.07602869435,10.07116683657,10.07094070365,10.07139296949,10.07184523533,10.06494818127,10.07071457073,10.06867937445,10.07127990303,10.07229750117,10.07376736515,10.06732257693,10.07071457073,10.07207136825,10.07037537135,10.07274976701,10.06901857383,10.06958390613,10.07060150427,10.07331509931,10.07105377011,10.07173216887,10.07433269745,10.07218443471,10.07014923843,10.07026230489,10.07116683657,10.07139296949,10.07071457073,10.07241056763,10.07195830179,10.07252363409,10.07127990303,10.07071457073,10.06981003905,10.07286283347,10.07207136825,10.07082763719,10.07241056763,10.07501109621,10.07207136825,10.06969697259,10.06981003905,10.07139296949,10.07060150427,10.07421963099,10.07139296949,10.06879244091,10.07218443471,10.07161910241,10.07274976701,10.07501109621,10.06992310551,10.07071457073,10.07127990303,10.07286283347,10.06732257693,10.07173216887,10.07286283347,10.07139296949,10.07173216887,10.07150603595,10.06924470675,10.07161910241,10.07082763719,10.07218443471,10.07014923843,10.07421963099,10.07229750117,10.07207136825,10.06800097569,10.07218443471,10.07173216887,10.06788790923,10.07376736515,10.07094070365,10.07308896639,10.07410656453,10.06913164029,10.07421963099,10.07670709311,10.06924470675,10.06788790923,10.06924470675,10.07263670055,10.06890550737,10.07252363409,10.07218443471,10.07365429869,10.06947083967,
balanced_sixteen,10.03648903769,10.03806290167,10.03842610105,10.03769970229,10.03745756937,10.03709436999,10.03745756937,10.03999996503,10.03842610105,10.03854716751,10.03891036689,10.03987889857,10.03818396813,10.03830503459,10.03842610105,10.03782076875,10.03697330353,10.03733650291,10.03830503459,10.04012103149,10.03842610105,10.03782076875,10.03818396813,10.03782076875,10.03915249981,10.03891036689,10.03987889857,10.03769970229,10.03999996503,10.03987889857,10.04060529733,10.03709436999,10.03685223707,10.03745756937,10.03842610105,10.03794183521,10.03600477185,10.03866823397,10.03673117061,10.03745756937,10.03757863583,10.03866823397,10.03866823397,10.03733650291,10.03854716751,10.03769970229,10.03769970229,10.03854716751,10.03891036689,10.03842610105,10.03733650291,10.04024209795,10.03903143335,10.03927356627,10.03842610105,10.03697330353,10.03854716751,10.03854716751,10.03806290167,10.03757863583,10.03987889857,10.03782076875,10.03721543645,10.03697330353,10.03757863583,10.03624690477,10.03745756937,10.03830503459,10.03564157247,10.03891036689,10.03939463273,10.03806290167,10.03769970229,10.03842610105,10.03939463273,10.03733650291,10.03745756937,10.03697330353,10.03769970229,10.03866823397,10.03878930043,10.03987889857,10.03794183521,10.03782076875,10.03721543645,10.03757863583,10.03806290167,10.03903143335,10.03673117061,10.03963676565,10.03999996503,10.03757863583,10.03685223707,10.03939463273,10.03999996503,10.03721543645,10.03733650291,10.03818396813,10.03782076875,10.03721543645,10.03576263893,10.03733650291,10.03636797123,10.03963676565,10.03818396813,10.03939463273,10.03915249981,10.03721543645,10.03782076875,10.03769970229,10.03721543645,10.03757863583,10.03757863583,10.04072636379,10.03757863583,10.03866823397,10.03915249981,10.03624690477,10.03903143335,10.03600477185,10.03963676565,10.03745756937,10.03757863583,10.03685223707,10.03806290167,10.03757863583,10.03866823397,10.03842610105,10.03818396813,10.03830503459,10.03624690477,10.03999996503,10.03818396813,10.03830503459,10.03600477185,10.03830503459,10.03891036689,10.03721543645,10.03854716751,10.03769970229,10.03709436999,10.03806290167,10.03757863583,10.03769970229,10.03794183521,10.03769970229,10.03842610105,10.03636797123,10.03733650291,10.03745756937,10.03733650291,10.03782076875,10.03769970229,10.03673117061,10.03673117061,10.03552050601,10.03794183521,10.03818396813,10.03769970229,10.03878930043,10.03939463273,10.03915249981,10.03842610105,10.03842610105,10.03745756937,10.03842610105,10.03830503459,10.03794183521,10.03769970229,10.03915249981,10.03878930043,10.03721543645,10.03854716751,10.03927356627,10.03685223707,10.03479410725,10.03878930043,10.03999996503,10.03733650291,10.03745756937,10.03757863583,10.03757863583,10.03757863583,10.03745756937,10.03830503459,10.03697330353,10.03878930043,10.03757863583,10.03975783211,10.03806290167,10.04024209795,10.03745756937,10.03842610105,10.03891036689,10.03709436999,10.03733650291,10.03854716751,10.03721543645,10.03527837309,10.03806290167,
inbalanced_eleven_nine,10.581194521097,10.549153070735,10.590679715789,10.569395864285,10.597735775255,10.574601154055,10.575295192691,10.599355198739,10.552738937021,10.597967121467,10.542906723011,10.592646158591,10.555168072247,10.593108851015,10.589985677153,10.599355198739,10.597620102149,10.558522592321,10.565000286257,10.594149908969,10.597041736619,10.564537593833,10.550425474901,10.571593653299,10.623183858575,10.570089902921,10.570205576027,10.586052791549,10.583739329429,10.550772494219,10.600627602905,10.586746830185,10.559794996487,10.589638657835,10.585127406701,10.570668268451,10.574948173373,10.591026735107,10.579690770719,10.598314140785,10.586168464655,10.565578651787,10.586168464655,10.592877504803,10.555630764671,10.600049237375,10.585937118443,10.579806443825,10.602131353283,10.581078847991,10.596579044195,10.560720381335,10.570321249133,10.591142408213,10.574832500267,10.583739329429,10.596000678665,10.558522592321,10.564653266939,10.579922116931,10.570205576027,10.557481534367,10.595653659347,10.564768940045,10.610691163127,10.561761439289,10.602478372601,10.562455477925,10.578996732083,10.580384809355,10.584433368065,10.564306247621,10.575526538903,10.566851055953,10.585358752913,10.582582598369,10.588366253669,10.564884613151,10.594496928287,10.586052791549,10.567545094589,10.542906723011,10.583045290793,10.582004232839,10.584202021853,10.603519430555,10.567313748377,10.593340197227,10.603288084343,10.600511929799,10.561761439289,10.578649712765,10.560257688911,10.604907507827,10.578187020341,10.565809997999,10.573213076783,10.569974229815,10.594149908969,10.574832500267,10.540708933997,10.593108851015,10.578302693447,10.577840001023,10.547302301039,10.595190966923,10.561414419971,10.593224524121,10.571940672617,10.576567596857,10.580731828673,10.559794996487,10.571246633981,10.607105296841,10.577955674129,10.582698271475,10.590564042683,10.590332696471,10.570668268451,10.591142408213,10.585590099125,10.559794996487,10.610575490021,10.588944619199,10.572981730571,10.560257688911,10.576451923751,10.565925671105,10.603288084343,10.595537986241,10.573328749889,10.611038182445,10.556440476413,10.550541148007,10.581310194203,10.585821445337,10.585358752913,10.581425867309,10.555052399141,10.576567596857,10.562224131713,10.582813944581,10.569048844967,10.609997124491,10.570668268451,10.565000286257,10.579228078295,10.586399810867,10.551697879067,10.602478372601,10.562571151031,10.574022788525,10.595769332453,10.600743276011,10.561183073759,10.595769332453,10.569511537391,10.611385201763,10.616821837745,10.567198075271,10.591142408213,10.578765385871,10.592299139273,10.592299139273,10.576336250645,10.600743276011,10.573560096101,10.584780387383,10.591142408213,10.572403365041,10.573791442313,10.593571543439,10.565578651787,10.555862110883,10.592299139273,10.589638657835,10.581425867309,10.595422313135,10.570089902921,10.586631157079,10.573213076783,10.609071739643,10.581425867309,10.564768940045,10.568933171861,10.548690378311,10.600511929799,10.579922116931,10.576104904433,10.560026342699,10.621564435091,10.580500482461,10.580731828673,10.581772886627,10.560604708229,10.548227685887,10.579690770719,10.590217023365,10.590564042683,10.589060292305,
inbalanced_twelve_eight,10.625830001116,10.618438495748,10.635977661028,10.641364690364,10.642492208132,10.617812096988,10.614930662692,10.631467589956,10.62294856682,10.661033611428,10.631217030452,10.655020183332,10.630089512684,10.612800906908,10.613176746164,10.669552634564,10.631843429212,10.588747194524,10.600272931708,10.64236692838,10.640111892844,10.643870285404,10.63046535194,10.618689055252,10.67744525894,10.629713673428,10.636353500284,10.630214792436,10.610170032116,10.594259503612,10.651387070524,10.659530254404,10.625203602356,10.628085036652,10.645373642428,10.6467517197,10.62983895318,10.63798213706,10.622447447812,10.642617487884,10.632219268468,10.610170032116,10.646626439948,10.642492208132,10.615055942444,10.624076084588,10.610921710628,10.615181222196,10.64612532094,10.621821049052,10.649132034988,10.627834477148,10.61793737674,10.642742767636,10.613677865172,10.62733335814,10.611923948644,10.590125271796,10.622698007316,10.633722625492,10.626581679628,10.616434019716,10.624076084588,10.625328882108,10.618313215996,10.617185698228,10.652890427548,10.60227740774,10.608666675092,10.60478300278,10.643243886644,10.599270693692,10.618438495748,10.614429543684,10.639360214332,10.607413877572,10.642492208132,10.641991089124,10.632720387476,10.656899379612,10.599897092452,10.617185698228,10.65051011226,10.617436257732,10.590876950308,10.625704721364,10.598894854436,10.637481018052,10.660281932916,10.628836715164,10.631843429212,10.636604059788,10.62232216806,10.64800451722,10.623950804836,10.622447447812,10.616308739964,10.610044752364,10.654644344076,10.635351262268,10.578724814364,10.663163367212,10.616434019716,10.593633104852,10.62294856682,10.608666675092,10.616308739964,10.631968708964,10.61104699038,10.628335596156,10.633722625492,10.603655485012,10.653391546556,10.640111892844,10.61793737674,10.608917234596,10.64612532094,10.626832239132,10.62232216806,10.657275218868,10.633847905244,10.617561537484,10.617185698228,10.654143225068,10.624451923844,10.612049228396,10.633346786236,10.623700245332,10.634474304004,10.635100702764,10.614053704428,10.668425116796,10.613427305668,10.641865809372,10.642868047388,10.630214792436,10.617812096988,10.64236692838,10.61605818046,10.630841191196,10.620693531284,10.6310917507,10.614429543684,10.657776337876,10.628335596156,10.612049228396,10.644747243668,10.618939614756,10.635852381276,10.643494446148,10.620317692028,10.6216957693,10.602152127988,10.605158842036,10.606787478812,10.628335596156,10.61292618666,10.647753957716,10.626331120124,10.603279645756,10.64612532094,10.63359734574,10.652765147796,10.663539206468,10.607413877572,10.650134273004,10.590626390804,10.62044297178,10.624326644092,10.625830001116,10.635100702764,10.620192412276,10.612800906908,10.62858615566,10.642241648628,10.623324406076,10.613677865172,10.647628677964,10.638107416812,10.638107416812,10.641489970116,10.642617487884,10.635351262268,10.607038038316,10.596263979644,10.598143175924,10.622572727564,10.623825525084,10.579601772628,10.61981657302,10.615181222196,10.643118606892,10.653892665564,10.63234454822,10.635977661028,10.599395973444,10.63297094698,10.650259552756,10.627458637892,10.619941852772,
inbalanced_thirteen_seven,10.655610337479,10.669638522871,10.671392046045,10.715230125395,10.673820001209,10.677596820353,10.661949998185,10.688927277785,10.658308065439,10.666401249319,10.682452730681,10.690680800959,10.687983072999,10.673685114811,10.676787501965,10.711183533455,10.717118534967,10.644414766445,10.654801019091,10.675168865189,10.683666708263,10.678001479547,10.675033978791,10.659656929419,10.704978759147,10.669638522871,10.687578413805,10.687443527407,10.662084884583,10.674629319597,10.689062164183,10.700932167207,10.665322158135,10.707136941515,10.694862279297,10.673954887607,10.697829780053,10.651968404733,10.655475451081,10.699448416829,10.719546490131,10.657903406245,10.717658080559,10.699718189625,10.679485229925,10.671796705239,10.669638522871,10.633893627401,10.689331936979,10.664243066951,10.689197050581,10.697964666451,10.667615226901,10.653182382315,10.665861703727,10.700662394411,10.663433748563,10.661275566195,10.697425120859,10.659656929419,10.670717614055,10.675438637985,10.678945684333,10.676652615567,10.642256584077,10.653587041509,10.697425120859,10.668289658891,10.695671597685,10.668154772493,10.702146144789,10.666266362921,10.671122273249,10.713341715823,10.687038868213,10.674899092393,10.702550803983,10.692299437735,10.668829204483,10.658982497429,10.636726241759,10.661140679797,10.653317268713,10.686634209019,10.672201364433,10.694997165695,10.680564321109,10.675168865189,10.694187847307,10.653452155111,10.676922388363,10.694997165695,10.656149883071,10.671122273249,10.651833518335,10.648731131181,10.662759316573,10.650214881559,10.680564321109,10.689062164183,10.663029089369,10.666131476523,10.652507950325,10.685824890631,10.690815687357,10.661005793399,10.682317844283,10.677461933955,10.647382267201,10.696615802471,10.687713300203,10.638075105739,10.659117383827,10.653182382315,10.688522618591,10.654531246295,10.666401249319,10.683396935467,10.675708410781,10.708350919097,10.723323309275,10.690411028163,10.673820001209,10.681778298691,10.665457044533,10.660061588613,10.633219195411,10.642931016067,10.657363860653,10.666940794911,10.644819425639,10.732090925145,10.680159661915,10.677731706751,10.705383418341,10.662354657379,10.668289658891,10.703629895167,10.661410452593,10.690545914561,10.672201364433,10.662354657379,10.660601134205,10.677192161159,10.678945684333,10.705518304739,10.705518304739,10.654261473499,10.635377377779,10.699448416829,10.682722503477,10.668289658891,10.675438637985,10.663029089369,10.668154772493,10.678136365945,10.653182382315,10.676787501965,10.720086035723,10.627014421103,10.676113069975,10.675573524383,10.704708986351,10.684206253855,10.658577838235,10.680294548313,10.678271252343,10.657903406245,10.659926702215,10.653991700703,10.698908871237,10.665591930931,10.675303751587,10.669098977279,10.702685690381,10.702550803983,10.671931591637,10.720490694917,10.695941370481,10.662624430175,10.672066478035,10.698234439247,10.658173179041,10.638749537729,10.666536135717,10.663298862165,10.687713300203,10.662759316573,10.674899092393,10.673685114811,10.675843297179,10.697425120859,10.680699207507,10.668694318085,10.671661818841,10.644414766445,10.699987962421,10.684071367457,10.666536135717,10.681373639497,
inbalanced_fourteen_six,10.702158947318,10.746373818782,10.694500815986,10.756921810994,10.739004673538,10.743917437034,10.693633857722,10.724410876094,10.732357993514,10.741750041374,10.734958868306,10.751864554454,10.71704173085,10.734091910042,10.725855806534,10.768914733646,10.73654829179,10.699413579482,10.710106064738,10.719498112598,10.72571131349,10.720798549994,10.70909461343,10.703170398626,10.740305110934,10.691899941194,10.739149166582,10.700136044702,10.701436482098,10.73582582657,10.75027513097,10.722243480434,10.704904315154,10.74016061789,10.73727075701,10.73438089613,10.751286582278,10.754031950114,10.732791472646,10.755187894466,10.751575568366,10.708227655166,10.722676959566,10.733513937866,10.71415186997,10.714440856058,10.726000299578,10.676728171574,10.736981770922,10.71848666129,10.743339464858,10.71920912651,10.70259242645,10.679907018542,10.71198447431,10.695512267294,10.717330716938,10.693344871634,10.721087536082,10.695078788162,10.727445230018,10.724844355226,10.695512267294,10.730913063074,10.716030279542,10.714296363014,10.740449603978,10.74666280487,10.700280537746,10.74305047877,10.734236403086,10.721665508258,10.74305047877,10.742761492682,10.728312188282,10.685686740302,10.74016061789,10.73871568745,10.719064633466,10.728023202194,10.697101690778,10.71631926563,10.71053954387,10.728312188282,10.720220577818,10.734669882218,10.72860117437,10.744350916166,10.760100657962,10.706349245594,10.73510336135,10.73438089613,10.697824155998,10.749841651838,10.679618032454,10.687565149874,10.682796879422,10.703748370802,10.735970319614,10.73293596569,10.72643377871,10.718342168246,10.71848666129,10.746229325738,10.732646979602,10.734525389174,10.742761492682,10.737559743098,10.71920912651,10.739727138758,10.726867257842,10.687565149874,10.720220577818,10.711117516046,10.73149103525,10.69320037859,10.729034653502,10.719353619554,10.71415186997,10.731924514382,10.740016124846,10.720943043038,10.72787870915,10.735247854394,10.741172069198,10.711839981266,10.698546621218,10.706349245594,10.701003002966,10.714729842146,10.748252228354,10.743339464858,10.725277834358,10.732502486558,10.717619703026,10.746373818782,10.706060259506,10.74738527009,10.720798549994,10.736403798746,10.714729842146,10.73221350047,10.704615329066,10.746084832694,10.731346542206,10.75172006141,10.74377294399,10.71487433519,10.696523718602,10.745651353562,10.74449540921,10.72498884827,10.714007376926,10.68814312205,10.702158947318,10.695801253382,10.701003002966,10.732791472646,10.749697158794,10.696523718602,10.722532466522,10.721810001302,10.747529763134,10.734814375262,10.710395050826,10.71704173085,10.68669819161,10.708083162122,10.714585349102,10.694934295118,10.730335090898,10.71415186997,10.693489364678,10.711406502134,10.723399424786,10.725422327402,10.74160554833,10.744061930078,10.74232801355,10.699124593394,10.691321969018,10.747096284002,10.765157914502,10.71487433519,10.715163321278,10.689732545534,10.756921810994,10.709961571694,10.709239106474,10.740449603978,10.743194971814,10.727589723062,10.720076084774,10.71415186997,10.75605485273,10.689010080314,10.724844355226,10.733080458734,10.72498884827,10.722387973478,
inbalanced_fifteen_five,10.744065353165,10.797383845905,10.767488506045,10.789832961095,10.793377253965,10.754081833015,10.763173714725,10.752232636735,10.739750561845,10.784901771015,10.768875403255,10.767950805115,10.773806593335,10.788600163575,10.770416400155,10.783360774115,10.801390437845,10.765947509145,10.781203378455,10.794455951795,10.822810294755,10.817262705915,10.729425882615,10.768413104185,10.771649197675,10.751153938905,10.797846144975,10.750537540145,10.743294854715,10.776580387755,10.810790518935,10.778275484345,10.771340998295,10.783977172875,10.797846144975,10.798770743115,10.797383845905,10.787213266365,10.761170418755,10.811561017385,10.797692045285,10.775963988995,10.729888181685,10.801082238465,10.749304742625,10.755931029295,10.769337702325,10.732970175485,10.737284966805,10.747763745725,10.781357478145,10.816184008085,10.789062462645,10.774577091785,10.750691639835,10.749767041695,10.779662381555,10.770262300465,10.763636013795,10.769800001395,10.757934325265,10.785518169775,10.753465434255,10.798924842805,10.747455546345,10.757009727125,10.754081833015,10.758396624335,10.753003135185,10.792144456445,10.778891883105,10.771803297365,10.804010132575,10.797692045285,10.804318331955,10.736822667735,10.786134568535,10.789678861405,10.763944213175,10.775809889305,10.722029097495,10.767334406355,10.757626125885,10.771340998295,10.782127976595,10.786442767915,10.771186898605,10.793685453345,10.773344294265,10.739750561845,10.807708525135,10.781819777215,10.737284966805,10.780432880005,10.765331110385,10.756085128985,10.768875403255,10.786442767915,10.765793409455,10.818495503435,10.751616237975,10.756085128985,10.779045982795,10.775039390855,10.777504985895,10.803856032885,10.779200082485,10.777967284965,10.766872107285,10.802006836605,10.795688749315,10.736976767425,10.775193490545,10.748996543245,10.791528057685,10.763019615035,10.787983764815,10.765331110385,10.773806593335,10.782744375355,10.778583683725,10.785980468845,10.814180712115,10.778429584035,10.763944213175,10.794764151175,10.744681751925,10.785055870705,10.763636013795,10.770416400155,10.757472026195,10.777504985895,10.775655789615,10.788600163575,10.800157640325,10.756855627435,10.734973471455,10.755468730225,10.755160530845,10.775809889305,10.762095016895,10.791219858305,10.800774039085,10.775501689925,10.812177416145,10.765331110385,10.803085534435,10.747763745725,10.757626125885,10.794610051485,10.775655789615,10.818341403745,10.774731191475,10.718022505555,10.768413104185,10.728193085095,10.781203378455,10.789370662025,10.786905066985,10.753465434255,10.757934325265,10.789370662025,10.767796705425,10.773190194575,10.758396624335,10.790603459545,10.733894773625,10.729888181685,10.777042686825,10.780432880005,10.844384251355,10.766563907905,10.732045577345,10.747609646035,10.798308444045,10.782744375355,10.767488506045,10.793531353655,10.788754263265,10.755622829915,10.775809889305,10.812023316455,10.790603459545,10.737439066495,10.749458842315,10.731120979205,10.806321627925,10.814180712115,10.737439066495,10.763636013795,10.761632717825,10.802315035985,10.795688749315,10.774885291165,10.775655789615,10.750075241075,10.792606755515,10.792452655825,10.782436175975,10.769645901705,
inbalanced_sixteen_four,10.781119782224,10.820409302864,10.837598468144,10.82384713592,10.84349189624,10.81484328744,10.855442458768,10.82793979432,10.782265726576,10.826466437296,10.82957685768,10.78046495688,10.833178397072,10.840872594864,10.845783784944,10.805675732624,10.875742044432,10.791433281392,10.839726650512,10.873286449392,10.826793849968,10.859535117168,10.778664187184,10.830886508368,10.819590771184,10.83366951608,10.85249574472,10.803874962928,10.79519852712,10.848566792656,10.837598468144,10.832196159056,10.792906638416,10.863464069232,10.85658840312,10.830559095696,10.833014690736,10.813042517744,10.839726650512,10.825811611952,10.854296514416,10.819918183856,10.81566181912,10.85904399816,10.853641689072,10.808131327664,10.8574069348,10.790942162384,10.808458740336,10.79028733704,10.835142873104,10.789141392688,10.811241748048,10.7960170588,10.80583943896,10.814352168432,10.832523571728,10.839726650512,10.80583943896,10.800600836208,10.817953707824,10.856752109456,10.806821676976,10.827284968976,10.844637840592,10.797817828496,10.791760694064,10.80338384392,10.810914335376,10.8205730092,10.84431042792,10.859698823504,10.80911356568,10.835142873104,10.837434761808,10.81320622408,10.847093435632,10.800600836208,10.814515874768,10.811896573392,10.760656490224,10.784721321616,10.7837390836,10.823192310576,10.799618598192,10.835470285776,10.79437999544,10.818281120496,10.787340622992,10.781610901232,10.831868746384,10.820736715536,10.787668035664,10.849221618,10.813697343088,10.814515874768,10.817135176144,10.811078041712,10.813861049424,10.853969101744,10.796671884144,10.84267336456,10.8451289596,10.836779936464,10.824174548592,10.856424696784,10.806003145296,10.843655602576,10.825647905616,10.852168332048,10.845456372272,10.777027123824,10.849876443344,10.848894205328,10.81075062904,10.811896573392,10.817462588816,10.797817828496,10.787995448336,10.846929729296,10.827776087984,10.817462588816,10.833996928752,10.823683429584,10.798800066512,10.85822546648,10.81320622408,10.832359865392,10.819099652176,10.815006993776,10.833505809744,10.811078041712,10.82384713592,10.842509658224,10.77637229848,10.83939923784,10.800273423536,10.805348319952,10.8246656676,10.843328189904,10.796344471472,10.82793979432,10.84185483288,10.820900421872,10.822046366224,10.804366081936,10.845620078608,10.781610901232,10.813369930416,10.824338254928,10.830886508368,10.839235531504,10.841363713872,10.783902789936,10.814679581104,10.753617117776,10.84676602296,10.864446307248,10.81729888248,10.817953707824,10.826957556304,10.822373778896,10.828922032336,10.813042517744,10.842182245552,10.806003145296,10.79437999544,10.815498112784,10.867556727632,10.810914335376,10.855278752432,10.800600836208,10.766222505648,10.816971469808,10.8369436428,10.834160635088,10.810586922704,10.836452523792,10.842182245552,10.810586922704,10.832359865392,10.829249445008,10.80256531224,10.786522091312,10.804857200944,10.833342103408,10.867556727632,10.838253293488,10.81320622408,10.829740564016,10.813533636752,10.820245596528,10.80502090728,10.835797698448,10.823683429584,10.792415519408,10.841691126544,10.841200007536,10.823683429584,10.840872594864,
inbalanced_seventeen_three,10.838569863407,10.860233986157,10.884151177673,10.906508552351,10.893163452737,10.887097498367,10.826957893613,10.816559114693,10.821411878189,10.866473253509,10.887270811349,10.866473253509,10.838743176389,10.878778475231,10.866819879473,10.882244734871,10.870459452095,10.830597466235,10.872365894897,10.881204856979,10.881031543997,10.872019268933,10.896283086413,10.897149651323,10.878605162249,10.858500856337,10.911188002865,10.857460978445,10.869939513149,10.855901161607,10.876352093483,10.879991666105,10.851048398111,10.890043819061,10.884151177673,10.899402720089,10.882764673817,10.880164979087,10.859367421247,10.874099024717,10.902522353765,10.873752398753,10.824531511865,10.896109773431,10.884671116619,10.861273864049,10.870459452095,10.804773831917,10.837703298497,10.858674169319,10.861100551067,10.872885833843,10.869766200167,10.876178780501,10.880164979087,10.857634291427,10.868206383329,10.835623542713,10.872712520861,10.849661894255,10.868033070347,10.877391971375,10.854168031787,10.893510078701,10.873579085771,10.845675695669,10.849141955309,10.851568337057,10.876525406465,10.846195634615,10.877218658393,10.899749346053,10.860233986157,10.883284612763,10.857287665463,10.874272337699,10.916040766361,10.891603635899,10.879298414177,10.834756977803,10.805293770863,10.868379696311,10.810146534359,10.875485528573,10.853301466877,10.872885833843,10.831290718163,10.857287665463,10.872192581915,10.870112826131,10.892816826773,10.853474779859,10.838569863407,10.907895056207,10.856767726517,10.872885833843,10.846022321633,10.875138902609,10.863180306851,10.888830628187,10.872712520861,10.889003941169,10.864913436671,10.878951788213,10.919680338983,10.894549956593,10.853648092841,10.892123574845,10.865433375617,10.904775422531,10.903908857621,10.849835207237,10.905295361477,10.886924185385,10.879125101195,10.856594413535,10.897149651323,10.842036123047,10.864566810707,10.860927238085,10.872712520861,10.906335239369,10.849315268291,10.866126627545,10.869072948239,10.885191055565,10.836663420605,10.879125101195,10.851221711093,10.888830628187,10.880164979087,10.890217132043,10.853474779859,10.901135849909,10.818118931531,10.926092919317,10.851741650039,10.865433375617,10.872365894897,10.880684918033,10.878605162249,10.856594413535,10.893510078701,10.851914963021,10.903388918675,10.865433375617,10.878605162249,10.842382749011,10.851568337057,10.867339818419,10.881378169961,10.900442597981,10.867859757365,10.841342871119,10.864393497725,10.843942565849,10.881551482943,10.904255483585,10.888484002223,10.851568337057,10.839089802353,10.846542260579,10.869592887185,10.873925711735,10.861100551067,10.852434901967,10.804080579989,10.846368947597,10.896629712377,10.880511605051,10.892470200809,10.850701772147,10.858327543355,10.886230933457,10.906681865333,10.884497803637,10.870979391041,10.893856704665,10.883977864691,10.875832154537,10.840129680245,10.848102077417,10.880858231015,10.850008520219,10.861793802995,10.857634291427,10.876872032429,10.874618963663,10.818985496441,10.875485528573,10.908414995153,10.841342871119,10.893336765719,10.860753925103,10.894203330629,10.851395024075,10.869939513149,10.868379696311,10.872885833843,10.904255483585,
inbalanced_eighteen_two,10.919257580463,10.890722118807,10.938829980445,10.934074070169,10.918342982333,10.931513195405,10.895660948709,10.867674245931,10.829626963723,10.892917154319,10.909197001033,10.924562249617,10.896392627213,10.875905629101,10.921269696349,10.952000193517,10.952366032769,10.940659176705,10.941573774835,10.934439909421,10.942671292591,10.920720937471,10.949256399127,10.902246055245,10.901331457115,10.925293928121,10.960597415939,10.874625191719,10.912489554301,10.931696115031,10.927854802885,10.913404152431,10.887612485165,10.930049838397,10.929683999145,10.954012309403,10.941390855209,10.957853621549,10.888892922547,10.899868100107,10.955475666411,10.919623419715,10.878466503865,10.911209116919,10.968828799109,10.928952320641,10.943768810347,10.901880215993,10.896209707587,10.899502260855,10.899136421603,10.931147356153,10.899685180481,10.942854212217,10.958951139305,10.892002556189,10.903160653375,10.859625782387,10.927854802885,10.889807520677,10.912306634675,10.945963845859,10.868771763687,10.927854802885,10.885234530027,10.926391445877,10.905355688887,10.918342982333,10.933342391665,10.899685180481,10.943768810347,10.921086776723,10.913769991683,10.932427793535,10.900599778611,10.919074660837,10.926025606625,10.896392627213,10.964072888833,10.905721528139,10.854504032859,10.900599778611,10.883222414141,10.904441090757,10.934256989795,10.909379920659,10.905172769261,10.893100073945,10.897490144969,10.913769991683,10.939012900071,10.905721528139,10.885783288905,10.982181931807,10.949805158005,10.901880215993,10.922367214105,10.895660948709,10.919989258967,10.918160062707,10.916696705699,10.895478029083,10.927671883259,10.936269105681,10.923098892609,10.939012900071,10.885417449653,10.960048657061,10.875722709475,10.924562249617,10.932610713161,10.888161244043,10.924562249617,10.910843277667,10.917245464577,10.907916563651,10.910294518789,10.911757875797,10.927488963633,10.921635535601,10.918342982333,10.915050429065,10.893100073945,10.908465322529,10.881210298255,10.915416268317,10.897673064595,10.931879034657,10.911209116919,10.939561658949,10.945049247729,10.962060772947,10.922733053357,10.913587072057,10.941025015957,10.950170997257,10.877734825361,10.934439909421,10.913952911309,10.933525311291,10.891453797311,10.905355688887,10.916330866447,10.910477438415,10.929135240267,10.873527673963,10.898953501977,10.935354507551,10.896941386091,10.909745759911,10.978889378539,10.969743397239,10.932610713161,10.912489554301,10.924928088869,10.894563430953,10.923098892609,10.927123124381,10.937732462689,10.900051019733,10.897124305717,10.863284174907,10.921635535601,10.900782698237,10.949622238379,10.908465322529,10.872978915085,10.916696705699,10.940293337453,10.903343573001,10.944317569225,10.928769401015,10.915599187943,10.923647651487,10.974499307515,10.917245464577,10.915965027195,10.946878443989,10.921635535601,10.862369576777,10.900782698237,10.911209116919,10.937915382315,10.898587662725,10.849931042209,10.911757875797,10.907001965521,10.935354507551,10.883039494515,10.887612485165,10.901697296367,10.901331457115,10.945232167355,10.906453206643,10.931513195405,10.911574956171,10.906270287017,10.924928088869,10.951085595387,10.905904447765,
inbalanced_nineteen_one,10.977739672352,10.955599151072,10.937694207776,10.996029668192,10.96118241296,10.967150727392,10.92556505264,10.972156410464,10.900921689824,10.953866414624,10.975814409632,10.979857461344,10.979664935072,10.937501681504,10.958101992608,11.001227877536,11.001997982624,10.980820092704,10.974274199456,10.97177135792,10.99487451056,10.958679571424,10.973889146912,10.968498411296,10.947127995104,10.997377352096,10.984863144416,10.949438310368,10.962722623136,10.988713669856,10.987558512224,10.978124724896,10.952326204448,11.001420403808,10.994296931744,11.00161293008,11.009699033504,10.976777040992,10.948860731552,10.971386305376,10.982937881696,10.940197049312,10.945010206112,10.99198661648,11.00257556144,10.965803043488,11.01508976912,10.944432627296,10.939426944224,10.922869684832,10.938464312864,10.980820092704,10.944240101024,10.9842855656,10.985055670688,10.95444399344,10.990253880032,10.945010206112,10.940197049312,10.971963884192,10.968690937568,10.972926515552,10.946935468832,11.007966297056,10.910548003424,10.974851778272,10.990831458848,10.976006935904,10.995259563104,10.976006935904,10.972156410464,10.963300201952,10.973889146912,11.030299344608,10.935768945056,10.976777040992,10.962530096864,11.012779453856,10.953673888352,10.971001252832,10.92363978992,10.955021572256,10.960797360416,10.972156410464,10.973504094368,10.969653568928,10.959449676512,10.924024842464,10.968113358752,10.966573148576,10.985440723232,10.943662522208,10.930185683168,10.950978520544,10.962915149408,10.981975250336,10.993141774112,10.960412307872,10.933073577248,10.99198661648,10.983707986784,10.949823362912,10.95733188752,10.989868827488,11.001805456352,10.976199462176,10.957524413792,10.96695820112,10.92460242128,10.955984203616,10.979857461344,10.967728306208,10.954058940896,10.961374939232,10.959642202784,10.973504094368,10.975236830816,10.975044304544,10.971193779104,10.9890987224,10.935383892512,10.977932198624,10.981590197792,10.990446406304,10.951363573088,10.957524413792,10.999302614816,10.994489458016,10.968498411296,10.963300201952,10.986018302048,10.980242513888,10.981782724064,10.949053257824,10.98236030288,10.992564195296,10.936731576416,10.959064623968,10.938656839136,10.965803043488,10.991794090208,10.970231147744,10.948860731552,10.968305885024,10.987558512224,10.918249054304,10.9409671544,11.006811139424,10.92556505264,10.946165363744,10.99583714192,11.017207558112,10.963877780768,10.951748625632,10.93807926032,10.942507364576,10.918634106848,10.971963884192,10.972156410464,10.93326610352,10.981782724064,10.9698460952,10.976391988448,10.919404211936,10.980820092704,10.979087356256,10.922292106016,11.012971980128,10.942314838304,10.950208415456,11.01701503184,10.972926515552,10.926912736544,10.966765674848,10.993719352928,10.97850977744,10.94674294256,10.977162093536,10.945395258656,10.913435897504,10.988521143584,10.979664935072,10.968498411296,10.911318108512,10.950400941728,10.970423674016,10.960989886688,10.968498411296,10.981975250336,10.961952518048,10.980049987616,11.003153140256,10.976391988448,10.926720210272,10.97850977744,10.982745355424,10.963300201952,10.960797360416,10.994104405472,10.970616200288,
